kata,mean_abs_shap
get,0.06218151002228211
im,0.05096230626101644
ltgt,0.045439216148396896
happi,0.03431568624146945
free,0.033875291661734426
stop,0.03267508614320589
txt,0.03031925776644861
ill,0.02906539831386599
finish,0.025167780577167932
ok,0.02292324592707286
thanx,0.022839216011721595
text,0.022291535359938733
way,0.021604436331621787
go,0.020975089572932686
messag,0.019594569181142114
